<streaminginfos>

 <streaminginfo>
        <cname>Bein 1 FR</cname>
        <title>HD</title>
        <chnumber>ch507</chnumber>
    <link>http://www.livetv.tn/Bein-Sport-1-FR-en-direct-live.html</link>
</streaminginfo>

        <streaminginfo>
        <cname>Bein 2 FR</cname>
        <title>HD</title>
        <chnumber>ch508</chnumber>
    <link>http://www.livetv.tn/Bein-Sport-2-FR-en-direct-live.html</link></streaminginfo>

        <streaminginfo>
        <cname>Bein 3 FR</cname>
        <title>HD</title>
        <chnumber>ch906</chnumber>
    <link>http://www.livetv.tn/Bein-Sport-3-FR-en-direct-live.html</link></streaminginfo>

        <streaminginfo>
        <cname>Bein Sport 1</cname>
        <title>HD</title>
        <chnumber>ch12</chnumber>
    <link>http://www.livetv.tn/Bein-Sport-HD-1-en-direct-live.html</link></streaminginfo>

        <streaminginfo>
        <cname>Bein Sport 2</cname>
        <title>HD</title>
        <chnumber>ch13</chnumber>
    <link>http://www.livetv.tn/Bein-Sport-HD-2-en-direct-live.html</link></streaminginfo>

        <streaminginfo>
        <cname>Bein Sport 3</cname>
        <title>HD</title>
        <chnumber>ch14</chnumber>
    <link>http://www.livetv.tn/Bein-Sport-HD-3-en-direct-live.html</link></streaminginfo>
        
        <streaminginfo>
        <cname>Bein Sport 10</cname>
        <title>HD</title>
        <chnumber>ch910</chnumber>
    <link>http://www.livetv.tn/Bein-Sport-HD-10-en-direct-live.html</link></streaminginfo>
    
        <streaminginfo>
        <cname>Bein Sport 11</cname>
        <title>HD</title>
        <chnumber>ch866</chnumber>
    <link>http://www.livetv.tn/Bein-Sport-HD-11-en-direct-live.html</link></streaminginfo>
    
        <streaminginfo>
        <cname>Bein Sport 12</cname>
        <title>HD</title>
        <chnumber>ch870</chnumber>
    <link>http://www.livetv.tn/Bein-Sport-HD-12-en-direct-live.html</link></streaminginfo>
    
        <streaminginfo>
        <cname>Bein Sport 13</cname>
        <title>HD</title>
        <chnumber>ch872</chnumber>
    <link>http://www.livetv.tn/Bein-Sport-HD-13-en-direct-live.html</link></streaminginfo>
    
       <streaminginfo>
        <cname>Bein Sport 14</cname>
        <title>HD</title>
        <chnumber>ch869</chnumber>
    <link>http://www.livetv.tn/Bein-Sport-HD-14-en-direct-live.html</link></streaminginfo>    
	
        <streaminginfo>
        <cname>Bein Sport 15</cname>
        <title>HD</title>
        <chnumber>ch868</chnumber>
    <link>http://www.livetv.tn/Bein-Sport-HD-15-en-direct-live.html</link></streaminginfo>
    
        <streaminginfo>
        <cname>Bein Sport 9</cname>
        <title>HD</title>
        <chnumber>ch873</chnumber>
    <link>http://www.livetv.tn/Bein-Sport-HD-9-en-direct-live.html</link></streaminginfo>
    
        <streaminginfo>
        <cname>Bein Sport 8</cname>
        <title>HD</title>
        <chnumber>ch874</chnumber>
    <link>http://www.livetv.tn/Bein-Sport-HD-8-en-direct-live.html</link></streaminginfo>
    
        <streaminginfo>
        <cname>Bein Sport 7</cname>
        <title>HD</title>
        <chnumber>ch912</chnumber>
    <link>http://www.livetv.tn/Bein-Sport-HD-7-en-direct-live.html</link></streaminginfo>
    
        <streaminginfo>
        <cname>Bein Sport 6</cname>
        <title>HD</title>
        <chnumber>ch911</chnumber>
    <link>http://www.livetv.tn/Bein-Sport-HD-6-en-direct-live.html</link></streaminginfo>
    
        <streaminginfo>
        <cname>Bein Sport 5</cname>
        <title>HD</title>
        <chnumber>ch864</chnumber>
    <link>http://www.livetv.tn/Bein-Sport-HD-5-en-direct-live.html</link></streaminginfo>
    
        <streaminginfo>
        <cname>Bein Sport 4</cname>
        <title>HD</title>
        <chnumber>ch867</chnumber>
    <link>http://www.livetv.tn/Bein-Sport-HD-4-en-direct-live.html</link></streaminginfo>

<streaminginfo>
        <cname>2M</cname>
        <chnumber>ch76</chnumber>
    <link>http://www.livetv.tn/2M-Maroc-en-direct-live.html</link>
</streaminginfo>

        <streaminginfo>
        <cname>Abu Dhabi</cname>
        <chnumber>ch80</chnumber>
    <link>http://www.livetv.tn/Abu-Dhabi-en-direct-live.html</link></streaminginfo>

        <streaminginfo>
        <cname>Abu Dhabi Drama</cname>
        <chnumber>ch54</chnumber>
    <link>http://www.livetv.tn/Abu-Dhabi-Drama-en-direct-live.html</link></streaminginfo>

        <streaminginfo>
        <cname>Abu Dhabi Emirates</cname>
        <chnumber>ch810</chnumber>
    <link>http://www.livetv.tn/Abu-Dhabi-Emarat-en-direct-live.html</link></streaminginfo>

        <streaminginfo>
        <cname>Abu Dhabi Sports 1</cname>
        <chnumber>ch79</chnumber>
    <link>http://www.livetv.tn/Abu-Dhabi-Sport-2-en-direct-live.html</link></streaminginfo>

        <streaminginfo>
        <cname>Aghanina</cname>
        <chnumber>ch81</chnumber>
    <link>http://www.livetv.tn/Aghanina-en-direct-live.html</link></streaminginfo>

        <streaminginfo>
        <cname>Aghapy</cname>
        <chnumber>ch844</chnumber>
    <link>http://www.livetv.tn/Aghapay-en-direct-live.html</link></streaminginfo>

        <streaminginfo>
        <cname>AL AHLY</cname>
        <chnumber>ch857</chnumber>
    <link>http://www.livetv.tn/Ahly-Sport-TV-en-direct-live.html</link></streaminginfo>

        <streaminginfo>
        <cname>Ajyal</cname>
        <chnumber>ch82</chnumber>
    <link>http://www.livetv.tn/Ajyal-en-direct-live.html</link></streaminginfo>

        <streaminginfo>
        <cname>Al Afasy</cname>
        <chnumber>ch333</chnumber>
    <link>http://www.livetv.tn/Al-Afasy-Channel-en-direct-live.html</link></streaminginfo>

        <streaminginfo>
        <cname>Al Amaken Drama</cname>
        <chnumber>ch894</chnumber>
    <link>http://www.livetv.tn/Al-Amaken-Drama-en-direct-live.html</link></streaminginfo>

        <streaminginfo>
        <cname>Alarabiya Ahdas</cname>
        <chnumber>ch805</chnumber>
    <link>http://www.livetv.tn/Al-Arabia-Hadath-en-direct-live.html</link></streaminginfo>

        <streaminginfo>
        <cname>Alarabiya</cname>
        <chnumber>ch53</chnumber>
    <link>http://www.livetv.tn/Al-Arabia-News-en-direct-live.html</link></streaminginfo>

        <streaminginfo>
        <cname>Al Dafra</cname>
        <chnumber>ch330</chnumber>
    <link>http://www.livetv.tn/Al-Dafra-en-direct-live.html</link></streaminginfo>

        <streaminginfo>
        <cname>El Djazairia</cname>
        <chnumber>ch825</chnumber>
    <link>http://www.livetv.tn/AL-Djazairia-en-direct-live.html</link></streaminginfo>

        <streaminginfo>
        <cname>Alhayat 1</cname>
        <chnumber>ch831</chnumber>
    <link>http://www.livetv.tn/Al-Hayat-en-direct-live.html</link></streaminginfo>

        <streaminginfo>
        <cname>Alhayat2</cname>
        <chnumber>ch338</chnumber>
    <link>http://www.livetv.tn/Al-Hayat-2-en-direct-live.html</link></streaminginfo>

        <streaminginfo>
        <cname>Al-hurra Iraq</cname>
       <chnumber></chnumber>
    <link>http://www.livetv.tn/Al-Hurra-TV-Iraq-en-direct-live.html</link></streaminginfo>

        <streaminginfo>
        <cname>Al Sharqiya News</cname>
        <chnumber>ch938</chnumber>
    <link>http://www.livetv.tn/Al-Iraqia-News-en-direct-live.html</link></streaminginfo>

        <streaminginfo>
        <cname>Aliraqia 2</cname>
        <chnumber>ch932</chnumber>
    <link>http://www.livetv.tn/Al-Iraquia-2-en-direct-live.html</link></streaminginfo>

        <streaminginfo>
        <cname>Al Janoubiya</cname>
        <chnumber>ch7</chnumber>
    <link>http://www.livetv.tn/Al-Janoubia-TV-en-direct-live.html</link></streaminginfo>

        <streaminginfo>
        <cname>Al Lubnania</cname>
        <chnumber>ch321</chnumber>
    <link>http://www.livetv.tn/Al-Lubnania-en-direct-live.html</link></streaminginfo>

        <streaminginfo>
        <cname>Al Magharibia</cname>
        <chnumber>ch847</chnumber>
    <link>http://www.livetv.tn/Al-Magharibia-en-direct-live.html</link></streaminginfo>

        <streaminginfo>
        <cname>Al Majd</cname>
        <chnumber>ch404</chnumber>
    <link>http://www.livetv.tn/Al-Majd-3-Coran-TV-en-direct-live.html</link></streaminginfo>

        <streaminginfo>
        <cname>Al Manar</cname>
        <chnumber>ch58</chnumber>
    <link>http://www.livetv.tn/Al-Manar-en-direct-live.html</link></streaminginfo>

        <streaminginfo>
        <cname>Al Masriyah</cname>
        <chnumber>ch84</chnumber>
    <link>http://www.livetv.tn/Al-Masria-en-direct-live.html</link></streaminginfo>

        <streaminginfo>
        <cname>Al mayaden</cname>
        <chnumber>ch90</chnumber>
    <link>http://www.livetv.tn/Al-Mayadeen-en-direct-live.html</link></streaminginfo>

        <streaminginfo>
        <cname>Al Nahar</cname>
        <chnumber>ch337</chnumber>
    <link>http://www.livetv.tn/Al-Nahar-en-direct-live.html</link></streaminginfo>

        <streaminginfo>
        <cname>Alnahar Alyoum</cname>
        <chnumber>ch341</chnumber>
    <link>www.livetv.tn/Al-Nahar-Alyawm-en-direct-live.html</link></streaminginfo>

        <streaminginfo>
        <cname>Al-Nahar Drama</cname>
        <chnumber>ch59</chnumber>
    <link>http://www.livetv.tn/Al-Nahar-Drama-en-direct-live.html</link></streaminginfo>

        <streaminginfo>
        <cname>Al Nahar Sport</cname>
        <chnumber>ch852</chnumber>
    <link>http://www.livetv.tn/Al-Nahar-Sport-en-direct-live.html</link></streaminginfo>

        <streaminginfo>
        <cname>Al oula Maroc</cname>
        <chnumber>ch55</chnumber>
    <link>http://www.livetv.tn/Al-Oula-Maroc-en-direct-live.html</link></streaminginfo>

        <streaminginfo>
        <cname>Alqudis</cname>
        <chnumber>ch856</chnumber>
    <link>http://www.livetv.tn/Al-Quds-en-direct-live.html</link></streaminginfo>

        <streaminginfo>
        <cname>Alrai</cname>
        <chnumber>ch935</chnumber>
    <link>http://www.livetv.tn/Al-Rai-en-direct-live.html</link></streaminginfo>

        <streaminginfo>
        <cname>Al-Resalah</cname>
        <chnumber>ch92</chnumber>
    <link>http://www.livetv.tn/Al-Resalah-en-direct-live.html</link></streaminginfo>

        <streaminginfo>
        <cname>Al Sumaria</cname>
        <chnumber>ch88</chnumber>
    <link>http://www.livetv.tn/Al-Sumaria-en-direct-live.html</link></streaminginfo>

        <streaminginfo>
        <cname>Alan</cname>
        <chnumber>ch94</chnumber>
    <link>http://www.livetv.tn/Alan-TV-en-direct-live.html</link></streaminginfo>

        <streaminginfo>
        <cname>Algeria 3</cname>
        <chnumber>ch95</chnumber>
    <link>http://www.livetv.tn/Algeria-3-en-direct-live.html</link></streaminginfo>

        <streaminginfo>
        <cname>Tamazigh Algeria</cname>
        <chnumber>ch72</chnumber>
    <link>http://www.livetv.tn/Algeria-Tamazigh-en-direct-live.html</link></streaminginfo>

        <streaminginfo>
        <cname>Aljadeed</cname>
        <chnumber>ch99</chnumber>
    <link>http://www.livetv.tn/Aljadeed-Sat-en-direct-live.html</link></streaminginfo>

        <streaminginfo>
        <cname>AlWatan Algerie</cname>
        <chnumber>ch329</chnumber>
    <link>http://www.livetv.tn/AlWatan-Algerie-en-direct-live.html</link></streaminginfo>

        <streaminginfo>
        <cname>ANB</cname>
        <chnumber>ch927</chnumber>
    <link>http://www.livetv.tn/ANB-News-en-direct-live.html</link></streaminginfo>

        <streaminginfo>
        <cname>ANN</cname>
        <chnumber>ch893</chnumber>
    <link>http://www.livetv.tn/ANN-Syria-en-direct-live.html</link></streaminginfo>

        <streaminginfo>
        <cname>Arabica Music</cname>
        <chnumber>ch406</chnumber>
    <link>http://www.livetv.tn/Arabica-Music-en-direct-live.html</link></streaminginfo>

        <streaminginfo>
        <cname>Art Aflam 1</cname>
        <chnumber>ch40</chnumber>
    <link>http://www.livetv.tn/ART-Aflem-1-en-direct-live.html</link></streaminginfo>

        <streaminginfo>
        <cname>Art Aflam 2</cname>
        <chnumber>ch41</chnumber>
    <link>http://www.livetv.tn/ART-Aflem-2-en-direct-live.html</link></streaminginfo>

        <streaminginfo>
        <cname></cname>
        <chnumber>ch409</chnumber>
    <link>http://www.livetv.tn/ART-Cinema-en-direct-live.html</link></streaminginfo>

        <streaminginfo>
        <cname>ART Hekayat</cname>
        <chnumber>ch407</chnumber>
    <link>http://www.livetv.tn/ART-Hikayat-1-en-direct-live.html</link></streaminginfo>

        <streaminginfo>
        <cname>ART Hekayat 2</cname>
        <chnumber>ch408</chnumber>
    <link>http://www.livetv.tn/ART-Hikayat-2-en-direct-live.html</link></streaminginfo>

        <streaminginfo>
        <cname>ART Cinema</cname>
        <chnumber>ch301</chnumber>
    <link>http://www.livetv.tn/ARTE-en-direct-live.html</link></streaminginfo>

        <streaminginfo>
	<cname>B4U Aflam</cname>
        <chnumber>ch301</chnumber>
    <link>http://www.livetv.tn/B4U-Aflem-en-direct-live.html</link></streaminginfo>

        <streaminginfo>
	<cname>B4U Plus</cname>
        <chnumber>ch814</chnumber>
    <link>http://www.livetv.tn/B4U-Plus-en-direct-live.html</link></streaminginfo>

        <streaminginfo>
        <cname>Al Baghdadia</cname>
        <chnumber>ch880</chnumber>
    <link>http://www.livetv.tn/Baghdadia-en-direct-live.html</link></streaminginfo>

        <streaminginfo>
        <cname>Al Baghdadia 2</cname>
        <chnumber>ch863</chnumber>
    <link>http://www.livetv.tn/Baghdadia-2-en-direct-live.html</link></streaminginfo>

        <streaminginfo>
        <cname>Baraem</cname>
        <chnumber>ch50</chnumber>
    <link>http://www.livetv.tn/Baraem-en-direct-live.html</link></streaminginfo>

        <streaminginfo>
        <cname>Baynouna</cname>
        <chnumber>ch859</chnumber>
    <link>http://www.livetv.tn/Baynouna-en-direct-live.html</link></streaminginfo>

        <streaminginfo>
        <cname>BBC Arabic</cname>
        <chnumber>ch113</chnumber>
    <link>http://www.livetv.tn/BBC-Arabic-en-direct-live.html</link></streaminginfo>

        <streaminginfo>
        <cname>BBC</cname>
        <chnumber>ch821</chnumber>
    <link>http://www.livetv.tn/BBC-World-en-direct-live.html</link></streaminginfo>

        <streaminginfo>
        <cname>BFMTV</cname>
        <chnumber>ch299</chnumber>
    <link>http://www.livetv.tn/BFM-TV-en-direct-live.html</link></streaminginfo>

        <streaminginfo>
        <cname>Blue Nile</cname>
        <chnumber>ch410</chnumber>
    <link>http://www.livetv.tn/Blue-Nile-TV-en-direct-live.html</link></streaminginfo>

        <streaminginfo>
        <cname>Cairo Cinema</cname>
        <chnumber>ch63</chnumber>
    <link>http://www.livetv.tn/Cairo-Cinema-en-direct-live.html</link></streaminginfo>

        <streaminginfo>
        <cname>Cairo Drama</cname>
        <chnumber>ch64</chnumber>
    <link>http://www.livetv.tn/Cairo-Drama-en-direct-live.html</link></streaminginfo>

        <streaminginfo>
        <cname>Cairo Film</cname>
        <chnumber>ch335</chnumber>
    <link>http://www.livetv.tn/Cairo-Film-en-direct-live.html</link></streaminginfo>

        <streaminginfo>
        <cname>Algerie</cname>
        <chnumber>ch860</chnumber>
    <link>http://www.livetv.tn/Canal-Algerie-en-direct-live.html</link></streaminginfo>

        <streaminginfo>
        <cname>Canal Cinema</cname>
        <chnumber>ch801</chnumber>
    <link>http://www.livetv.tn/Canal-Cinema-en-direct-live.html</link></streaminginfo>

        <streaminginfo>
        <cname>Canal plus</cname>
        <chnumber>ch800</chnumber>
    <link>http://www.livetv.tn/Canal-Plus-en-direct-live.html</link></streaminginfo>

        <streaminginfo>
        <cname>Canal Plus Decale</cname>
        <chnumber>ch930</chnumber>
    <link>http://www.livetv.tn/Canal-Plus-Decale-HD-en-direct-live.html</link></streaminginfo>

        <streaminginfo>
        <cname>Canal Plus Family-</cname>
        <chnumber>ch919</chnumber>
    <link>http://www.livetv.tn/Canal-Plus-Family-HD-en-direct-live.html</link></streaminginfo>

        <streaminginfo>
        <cname>Canal Plus Series</cname>
        <chnumber>ch306</chnumber>
    <link>http://www.livetv.tn/Canal-Plus-Series-HD-en-direct-live.html</link></streaminginfo>

        <streaminginfo>
        <cname>Canal+ Sport</cname>
        <chnumber>ch916</chnumber>
    <link>http://www.livetv.tn/Canal-Plus-Sport-en-direct-live.html</link></streaminginfo>

        <streaminginfo>
        <cname>Cartoon Network</cname>
        <chnumber>ch65</chnumber>
    <link>http://www.livetv.tn/Cartoon-Network-AR-en-direct-live.html</link></streaminginfo>

        <streaminginfo>
        <cname>Cartoon Network FR</cname>
        <chnumber>ch907</chnumber>
    <link>http://www.livetv.tn/Cartoon-Network-FR-HD-en-direct-live.html</link></streaminginfo>

        <streaminginfo>
        <cname>CBC Drama</cname>
        <chnumber>ch22</chnumber>
    <link>http://www.livetv.tn/CBC-Drama-en-direct-live.html</link></streaminginfo>

        <streaminginfo>
        <cname>CBC Extra</cname>
        <chnumber>ch255</chnumber>
    <link>http://www.livetv.tn/CBC-Extra-en-direct-live.html</link></streaminginfo>

        <streaminginfo>
        <cname>CBC Sofra</cname>
        <chnumber>ch256</chnumber>
    <link>http://www.livetv.tn/CBC-Sofra-en-direct-live.html</link></streaminginfo>

        <streaminginfo>
        <cname>CBC</cname>
        <chnumber>ch23</chnumber>
    <link>http://www.livetv.tn/CBC-TV-en-direct-live.html</link></streaminginfo>

        <streaminginfo>
        <cname>CBC 2</cname>
        <chnumber>ch254</chnumber>
    <link>http://www.livetv.tn/CBC-Two-en-direct-live.html</link></streaminginfo>

        <streaminginfo>
        <cname>Cima</cname>
        <chnumber>ch109</chnumber>
    <link>http://www.livetv.tn/Cima-en-direct-live.html</link></streaminginfo>

        <streaminginfo>
        <cname>Cine Emotion</cname>
        <chnumber>ch921</chnumber>
    <link>http://www.livetv.tn/Cine-Emotion-HD-en-direct-live.html</link></streaminginfo>

        <streaminginfo>
        <cname>Cine Majesti</cname>
        <chnumber>ch295</chnumber>
    <link>http://www.livetv.tn/Cine-Majestic-en-direct-live.html</link></streaminginfo>

        <streaminginfo>
        <cname>Cine Plus Frisson</cname>
        <chnumber>ch941</chnumber>
    <link>http://www.livetv.tn/Cine-Plus-Frisson-en-direct-live.html</link></streaminginfo>

        <streaminginfo>
        <cname>Cine plus Premier</cname>
        <chnumber>ch920</chnumber>
    <link>http://www.livetv.tn/Cine-plus-Premier-HD-en-direct-live.html</link></streaminginfo>

        <streaminginfo>
        <cname>CNBC Arabic</cname>
        <chnumber>ch891</chnumber>
    <link>http://www.livetv.tn/CNBC-Arabic-en-direct-live.html</link></streaminginfo>

        <streaminginfo>
        <cname>CNN</cname>
        <chnumber>ch879</chnumber>
    <link>http://www.livetv.tn/CNN-en-direct-live.html</link></streaminginfo>

        <streaminginfo>
        <cname>Coran</cname>
        <chnumber>ch323</chnumber>
    <link>http://www.livetv.tn/Coran-Tv-Algeria-en-direct-live.html</link></streaminginfo>

        <streaminginfo>
        <cname>D17</cname>
        <chnumber>ch311</chnumber>
    <link>http://www.livetv.tn/D17-en-direct-live.html</link></streaminginfo>

        <streaminginfo>
        <cname>D8</cname>
        <chnumber>ch308</chnumber>
    <link>http://www.livetv.tn/D8-en-direct-live.html</link></streaminginfo>

        <streaminginfo>
        <cname>DISCOVERY CHANNEL</cname>
        <chnumber>ch909</chnumber>
    <link>http://www.livetv.tn/Discovery-Science-FR-HD-en-direct-live.html</link></streaminginfo>

        <streaminginfo>
        <cname>Disney</cname>
        <chnumber>ch899</chnumber>
    <link>http://www.livetv.tn/Disney-HD-en-direct-live.html</link></streaminginfo>

        <streaminginfo>
        <cname>Disney XD</cname>
        <chnumber>ch861</chnumber>
    <link>http://www.livetv.tn/Disney-XD-en-direct-live.html</link></streaminginfo>

        <streaminginfo>
        <cname>Dream 1</cname>
        <chnumber>ch884</chnumber>
    <link>http://www.livetv.tn/Dream-1-en-direct-live.html</link></streaminginfo>

        <streaminginfo>
        <cname>Dream 2</cname>
        <chnumber>ch931</chnumber>
    <link>http://www.livetv.tn/Dream-2-en-direct-live.html</link></streaminginfo>

        <streaminginfo>
        <cname>Dubai One</cname>
        <chnumber>ch111</chnumber>
    <link>http://www.livetv.tn/Dubai-One-en-direct-live.html</link></streaminginfo>

        <streaminginfo>
        <cname>Dubai Sport 1</cname>
        <chnumber>ch274</chnumber>
    <link>http://www.livetv.tn/Dubai-Sport-1-en-direct-live.html</link></streaminginfo>

        <streaminginfo>
        <cname>Dubai Sport 2</cname>
        <chnumber>ch839</chnumber>
    <link>http://www.livetv.tn/Dubai-Sport-2-en-direct-live.html</link></streaminginfo>

        <streaminginfo>
        <cname></cname>
        <cname>Dubai</cname>
    <link>http://www.livetv.tn/Dubai-TV-en-direct-live.html</link></streaminginfo>

        <streaminginfo>
        <cname></cname>
        <chnumber>ch849</chnumber>
    <link>http://www.livetv.tn/DW-TV-en-direct-live.html</link></streaminginfo>

        <streaminginfo>
        <cname>Dzair tv</cname>
        <chnumber>ch845</chnumber>
    <link>http://www.livetv.tn/Dzair-News-en-direct-live.html</link></streaminginfo>

        <streaminginfo>
        <cname>EnnaharTV algerie</cname>
        <chnumber>ch402</chnumber>
    <link>http://www.livetv.tn/Ennahar-Algeria-en-direct-live.html</link></streaminginfo>

        <streaminginfo>
        <cname>Euronews fr</cname>
        <chnumber>ch848</chnumber>
    <link>http://www.livetv.tn/EuroNews-Arabic-en-direct-live.html</link></streaminginfo>

        <streaminginfo>
        <cname>Eurosport France</cname>
        <chnumber>ch915</chnumber>
    <link>http://www.livetv.tn/EuroSport-HD-1-en-direct-live.html</link></streaminginfo>

        <streaminginfo>
        <cname>Eurosport 2 France</cname>
        <chnumber>ch905</chnumber>
    <link>http://www.livetv.tn/EuroSport-HD-2-en-direct-live.html</link></streaminginfo>

        <streaminginfo>
        <cname>Fatafeat</cname>
        <chnumber>ch26</chnumber>
    <link>http://www.livetv.tn/FataFeat-en-direct-live.html</link></streaminginfo>

        <streaminginfo>
        <cname>First TV</cname>
        <chnumber>ch828</chnumber>
    <link>http://www.livetv.tn/First-TV-en-direct-live.html</link></streaminginfo>

        <streaminginfo>
        <cname>Fox</cname>
        <chnumber>ch107</chnumber>
    <link>http://www.livetv.tn/Fox-en-direct-live.html</link></streaminginfo>

        <streaminginfo>
        <cname>Fox Movies</cname>
        <chnumber>ch27</chnumber>
    <link>http://www.livetv.tn/Fox-Movies-en-direct-live.html</link></streaminginfo>

        <streaminginfo>
        <cname>FRANCE 0</cname>
        <chnumber>ch305</chnumber>
    <link>http://www.livetv.tn/FR-O-en-direct-live.html</link></streaminginfo>

        <streaminginfo>
        <cname>FRANCE 2</cname>
        <chnumber>ch303</chnumber>
    <link>http://www.livetv.tn/FR2-HD-en-direct-live.html</link></streaminginfo>

        <streaminginfo>
        <cname>FRANCE 3</cname>
        <chnumber>ch302</chnumber>
    <link>http://www.livetv.tn/FR3-en-direct-live.html</link></streaminginfo>

        <streaminginfo>
        <cname>FRANCE 4</cname>
        <chnumber>ch313</chnumber>
    <link>http://www.livetv.tn/FR4-en-direct-live.html</link></streaminginfo>

        <streaminginfo>
        <cname>FRANCE 5</cname>
        <chnumber>ch304</chnumber>
    <link>http://www.livetv.tn/FR5-en-direct-live.html</link></streaminginfo>

        <streaminginfo>
        <cname>France 24</cname>
        <chnumber>ch106</chnumber>
    <link>http://www.livetv.tn/France-24-Arabic-en-direct-live.html</link></streaminginfo>

        <streaminginfo>
        <cname>Future TV</cname>
        <chnumber>ch349</chnumber>
    <link>http://www.livetv.tn/Future-TV-en-direct-live.html</link></streaminginfo>

        <streaminginfo>
        <cname>Future News</cname>
        <chnumber>ch922</chnumber>
    <link>http://www.livetv.tn/Future-TV-USA-en-direct-live.html</link></streaminginfo>

        <streaminginfo>
        <cname>Ghinwa</cname>
        <chnumber>ch121</chnumber>
    <link>http://www.livetv.tn/Ghinwa-en-direct-live.html</link></streaminginfo>

        <streaminginfo>
        <cname>GULLI</cname>
        <chnumber>ch307</chnumber>
    <link>http://www.livetv.tn/Gulli-en-direct-live.html</link></streaminginfo>

        <streaminginfo>
        <cname>Haneen Channel</cname>
        <chnumber>ch83</chnumber>
    <link>http://www.livetv.tn/Haneen-Music-en-direct-live.html</link></streaminginfo>

        <streaminginfo>
        <cname>Hanibal</cname>
        <chnumber>ch6</chnumber>
    <link>http://www.livetv.tn/Hannibal-TV-en-direct-live.html</link></streaminginfo>

        <streaminginfo>
        <cname>Alhayat-Series</cname>
        <chnumber>ch21</chnumber>
    <link>http://www.livetv.tn/Hayat-Series-en-direct-live.html</link></streaminginfo>

        <streaminginfo>
        <cname>Heya</cname>
        <chnumber>ch934</chnumber>
    <link>http://www.livetv.tn/Heiya-TV-en-direct-live.html</link></streaminginfo>

        <streaminginfo>
        <cname>Imagines Movies</cname>
        <chnumber>ch400</chnumber>
    <link>http://www.livetv.tn/Imagines-Movies-en-direct-live.html</link></streaminginfo>

        <streaminginfo>
        <cname>Al Iraqiya Documentary</cname>
        <chnumber>ch881</chnumber>
    <link>http://www.livetv.tn/Iraqi-Documentary-en-direct-live.html</link></streaminginfo>

        <streaminginfo>
        <cname>El Djazairia</cname>
        <chnumber>ch939</chnumber>
    <link>http://www.livetv.tn/Jazairia-en-direct-live.html</link></streaminginfo>

        <streaminginfo>
        <cname></cname>
        <chnumber>ch913</chnumber>
    <link>http://www.livetv.tn/Jimmy-en-direct-live.html</link></streaminginfo>

        <streaminginfo>
        <cname>Aljazeera Doc</cname>
        <chnumber>ch52</chnumber>
    <link>http://www.livetv.tn/JSC-Documentaire-en-direct-live.html</link></streaminginfo>

        <streaminginfo>
        <cname>Aljazeera Mubasher Masr</cname>
        <chnumber>ch813</chnumber>
    <link>http://www.livetv.tn/JSC-Masr-en-direct-live.html</link></streaminginfo>

        <streaminginfo>
        <cname>Aljazeera Mubasher</cname>
        <chnumber>ch813</chnumber>
    <link>http://www.livetv.tn/JSC-Mubasher-Live-en-direct-live.html</link></streaminginfo>

        <streaminginfo>
        <cname></cname>
        <chnumber>ch348</chnumber>
    <link>http://www.livetv.tn/JSC-News-Arabic-en-direct-live.html</link></streaminginfo>

        <streaminginfo>
        <cname>Aljazeera En</cname>
        <chnumber>ch334</chnumber>
    <link>http://www.livetv.tn/JSC-News-English-en-direct-live.html</link></streaminginfo>

        <streaminginfo>
        <cname>Aljazeera US</cname>
        <chnumber>ch332</chnumber>
    <link>http://www.livetv.tn/JSC-News-USA-en-direct-live.html</link></streaminginfo>

        <streaminginfo>
        <cname>AlQahera W Elnas</cname>
        <chnumber>ch827</chnumber>
    <link>http://www.livetv.tn/Kahera-Wal-Nass-1-en-direct-live.html</link></streaminginfo>

        <streaminginfo>
        <cname>AlQahera W Elnas 2</cname>
        <chnumber>ch343</chnumber>
    <link>http://www.livetv.tn/Kahera-Wal-Nass-2-en-direct-live.html</link></streaminginfo>

        <streaminginfo>
        <cname>Karameesh</cname>
        <chnumber>ch858</chnumber>
    <link>http://www.livetv.tn/Karameesh-en-direct-live.html</link></streaminginfo>

        <streaminginfo>
      <cname>KBC Algeria</cname>
        <chnumber>ch889</chnumber>
    <link>http://www.livetv.tn/KBC-Algeria-en-direct-live.html</link></streaminginfo>

        <streaminginfo>
        <cname>KSA 1</cname>
        <chnumber>ch149</chnumber>
    <link>http://www.livetv.tn/KSA-1-en-direct-live.html</link></streaminginfo>

        <streaminginfo>
        <cname>KSA 2</cname>
        <chnumber>ch347</chnumber>
    <link>http://www.livetv.tn/KSA-2-en-direct-live.html</link></streaminginfo>


        <streaminginfo>
        <cname>Kuwait</cname>
        <chnumber>ch862</chnumber>
    <link>http://www.livetv.tn/Kuwait-Tv-1-en-direct-live.html</link></streaminginfo>

        <streaminginfo>
        <cname>Lbc Europe</cname>
        <chnumber>ch28</chnumber>
    <link>http://www.livetv.tn/LBC-en-direct-live.html</link></streaminginfo>

        <streaminginfo>
        <cname>LDC</cname>
        <chnumber>ch823</chnumber>
    <link>http://www.livetv.tn/LDC-Lebanon-en-direct-live.html</link></streaminginfo>

        <streaminginfo>
        <cname>Libya Alhurra</cname>
        <chnumber>ch855</chnumber>
    <link>http://www.livetv.tn/Libya-Ahrar-en-direct-live.html</link></streaminginfo>

        <streaminginfo>
        <cname>Libya</cname>
        <chnumber>ch937</chnumber>
    <link>http://www.livetv.tn/Libya-International-en-direct-live.html</link></streaminginfo>

        <streaminginfo>
        <cname>Libya Kids</cname>
        <chnumber>ch328</chnumber>
    <link>http://www.livetv.tn/Libya-Kids-en-direct-live.html</link></streaminginfo>

        <streaminginfo>
        <cname>M6</cname>
        <chnumber>ch104</chnumber>
    <link>http://www.livetv.tn/M6-HD-en-direct-live.html</link></streaminginfo>

        <streaminginfo>
        <cname>Mazzika</cname>
        <chnumber>ch885</chnumber>
    <link>http://www.livetv.tn/Mazzika-en-direct-live.html</link></streaminginfo>

        <streaminginfo>
        <cname>MBC 1</cname>
        <chnumber>ch30</chnumber>
    <link>http://www.livetv.tn/MBC-1-en-direct-live.html</link></streaminginfo>

        <streaminginfo>
        <cname>MBC 2</cname>
        <chnumber>ch31</chnumber>
    <link>http://www.livetv.tn/MBC-2-en-direct-live.html</link></streaminginfo>

        <streaminginfo>
        <cname>MBC 4</cname>
        <chnumber>ch33</chnumber>
    <link>http://www.livetv.tn/MBC-4-en-direct-live.html</link></streaminginfo>

        <streaminginfo>
        <cname>MBC 3</cname>
        <chnumber>ch32</chnumber>
    <link>http://www.livetv.tn/MBC-3-en-direct-live.html</link></streaminginfo>

        <streaminginfo>
        <cname>MBC Action</cname>
        <chnumber>ch34</chnumber>
    <link>http://www.livetv.tn/MBC-Action-en-direct-live.html</link></streaminginfo>

        <streaminginfo>
        <cname>MBC Bollywood</cname>
        <chnumber>ch35</chnumber>
    <link>http://www.livetv.tn/MBC-Bollywood-en-direct-live.html</link></streaminginfo>

        <streaminginfo>
        <cname>MBC Drama</cname>
        <chnumber>ch36</chnumber>
    <link>http://www.livetv.tn/MBC-Drama-en-direct-live.html</link></streaminginfo>

        <streaminginfo>
        <cname>MBC Masr</cname>
        <chnumber>ch37</chnumber>
    <link>http://www.livetv.tn/MBC-Masr-en-direct-live.html</link></streaminginfo>

        <streaminginfo>
        <cname>MBC Max</cname>
        <chnumber>ch38</chnumber>
    <link>http://www.livetv.tn/MBC-MAX-en-direct-live.html</link></streaminginfo>

        <streaminginfo>
     <cname>Mecca</cname>
        <chnumber>ch322</chnumber>
    <link>http://www.livetv.tn/Mecca-TV-en-direct-live.html</link></streaminginfo>

        <streaminginfo>
        <cname>Medi 1 Sat</cname>
        <chnumber>ch830</chnumber>
    <link>http://www.livetv.tn/Medi-1-Sat-en-direct-live.html</link></streaminginfo>

        <streaminginfo>
        <cname>Mehwar</cname>
        <chnumber>ch832</chnumber>
    <link>http://www.livetv.tn/Mehwer-1-en-direct-live.html</link></streaminginfo>

        <streaminginfo>
        <cname>Mehwar 2</cname>
        <chnumber>ch148</chnumber>
    <link>http://www.livetv.tn/Mehwer-2-en-direct-live.html</link></streaminginfo>

        <streaminginfo>
        <cname>Mehwar Drama</cname>
        <chnumber>ch824</chnumber>
    <link>http://www.livetv.tn/Mehwer-Drama-en-direct-live.html</link></streaminginfo>

        <streaminginfo>
        <cname>Melody</cname>
        <chnumber>ch340</chnumber>
    <link>http://www.livetv.tn/Melody-Classic-en-direct-live.html</link></streaminginfo>

        <streaminginfo>
	<cname>Mody Kids</cname>
        <chnumber>ch842</chnumber>
    <link>http://www.livetv.tn/Mody-Kids-en-direct-live.html</link></streaminginfo>

        <streaminginfo>
        <cname>Moga Comedy</cname>
        <chnumber>ch843</chnumber>
    <link>http://www.livetv.tn/Moga-Comedy-en-direct-live.html</link></streaminginfo>

        <streaminginfo>
        <cname>MTV Base</cname>
        <chnumber>ch312</chnumber>
    <link>http://www.livetv.tn/MTV-Base-en-direct-live.html</link></streaminginfo>

        <streaminginfo>
        <cname>MTV Idole</cname>
        <chnumber>ch803</chnumber>
    <link>http://www.livetv.tn/MTV-Idole-en-direct-live.html</link></streaminginfo>

        <streaminginfo>
        <cname>MTV</cname>
        <chnumber>ch145</chnumber>
    <link>http://www.livetv.tn/MTV-Lebanon-en-direct-live.html</link></streaminginfo>

        <streaminginfo>
        <cname>Music+</cname>
        <chnumber>ch841</chnumber>
    <link>http://www.livetv.tn/Music-Plus-en-direct-live.html</link></streaminginfo>

        <streaminginfo>
        <cname>National Geo Ad</cname>
        <chnumber>ch271</chnumber>
    <link>http://www.livetv.tn/Nat-Geo-AD-en-direct-live.html</link></streaminginfo>

        <streaminginfo>
        <cname>National Geo FR</cname>
        <chnumber>ch898</chnumber>
    <link>http://www.livetv.tn/National-Geo-FR-HD-en-direct-live.html</link></streaminginfo>

        <streaminginfo>
        <cname>National Geo Wild FR</cname>
        <chnumber>ch914</chnumber>
    <link>http://www.livetv.tn/National-Geo-Wild-FR-HD-en-direct-live.html</link></streaminginfo>

        <streaminginfo>
	<cname>NB5</cname>
        <chnumber>ch846</chnumber>
    <link>http://www.livetv.tn/NB5-UAE-en-direct-live.html</link></streaminginfo>

        <streaminginfo>
        <cname>NBN</cname>
        <chnumber>ch146</chnumber>
    <link>http://www.livetv.tn/NBN-TV-en-direct-live.html</link></streaminginfo>

        <streaminginfo>
        <cname>Nessma</cname>
        <chnumber>ch5</chnumber>
    <link>http://www.livetv.tn/Nessma-Rouge-en-direct-live.html</link></streaminginfo>

        <streaminginfo>
        <cname>Nile Cinema</cname>
        <chnumber>ch131</chnumber>
    <link>http://www.livetv.tn/Nile-Cinema-en-direct-live.html</link></streaminginfo>

        <streaminginfo>
        <cname>Nile Comedy</cname>
        <chnumber>ch68</chnumber>
    <link>http://www.livetv.tn/Nile-Comedy-en-direct-live.html</link></streaminginfo>

        <streaminginfo>
        <cname>Nile Drama</cname>
        <chnumber>ch69</chnumber>
    <link>http://www.livetv.tn/Nile-Drama-en-direct-live.html</link></streaminginfo>

        <streaminginfo>
        <cname>Nile Family</cname>
        <chnumber>ch70</chnumber>
    <link>http://www.livetv.tn/Nile-Family-en-direct-live.html</link></streaminginfo>

        <streaminginfo>
        <cname>Nile Life</cname>
        <chnumber>ch259</chnumber>
    <link>http://www.livetv.tn/Nile-Life-en-direct-live.html</link></streaminginfo>

        <streaminginfo>
        <cname>Nile News</cname>
        <chnumber>ch133</chnumber>
    <link>http://www.livetv.tn/Nile-News-en-direct-live.html</link></streaminginfo>

        <streaminginfo>
        <cname>Nile Sport</cname>
        <chnumber>ch134</chnumber>
    <link>http://www.livetv.tn/Nile-Sport-en-direct-live.html</link></streaminginfo>

        <streaminginfo>
        <cname>Nile Sport</cname>
        <chnumber>ch260</chnumber>
    <link>http://www.livetv.tn/Nile-TV-en-direct-live.html</link></streaminginfo>

        <streaminginfo>
        <cname>Noon Kids</cname>
        <chnumber>ch854</chnumber>
    <link>http://www.livetv.tn/Noon-TV-en-direct-live.html</link></streaminginfo>

        <streaminginfo>
        <cname>Noor Dubai</cname>
        <chnumber>ch928</chnumber>
    <link>http://www.livetv.tn/Noor-Dubai-en-direct-live.html</link></streaminginfo>

        <streaminginfo>
        <cname>NRJ 12</cname>
        <chnumber>ch297</chnumber>
    <link>http://www.livetv.tn/NRJ-12-en-direct-live.html</link></streaminginfo>

        <streaminginfo>
        <cname>NT1</cname>
        <chnumber>ch300</chnumber>
    <link>http://www.livetv.tn/NT1-en-direct-live.html</link></streaminginfo>

        <streaminginfo>
        <cname>Oman</cname>
        <chnumber>ch936</chnumber>
    <link>http://www.livetv.tn/Oman-TV-en-direct-live.html</link></streaminginfo>

        <streaminginfo>
        <cname>ONTV Live</cname>
        <chnumber>ch835</chnumber>
    <link>http://www.livetv.tn/OnTv-en-direct-live.html</link></streaminginfo>

        <streaminginfo>
        <cname>OSN Yahala HD</cname>
        <chnumber>ch933</chnumber>
    <link>http://www.livetv.tn/OSN-Ya-Hala-en-direct-live.html</link></streaminginfo>

        <streaminginfo>
        <cname>OTV Lebanon</cname>
        <chnumber>ch292</chnumber>
    <link>http://www.livetv.tn/OTV-Lebanon-en-direct-live.html</link></streaminginfo>

        <streaminginfo>
        <cname>Palestine Live</cname>
        <chnumber>ch100</chnumber>
    <link>http://www.livetv.tn/Palestine-en-direct-live.html</link></streaminginfo>

        <streaminginfo>
        <cname>Panorama Comedy</cname>
        <chnumber>ch114</chnumber>
    <link>http://www.livetv.tn/Panorama-Comedy-en-direct-live.html</link></streaminginfo>

        <streaminginfo>
        <cname>Panorama Drama</cname>
        <chnumber>ch117</chnumber>
    <link>http://www.livetv.tn/Panorama-Drama-en-direct-live.html</link></streaminginfo>

        <streaminginfo>
        <cname>Panorama Drama 2</cname>
        <chnumber>ch115</chnumber>
    <link>http://www.livetv.tn/Panorama-Drama-2-en-direct-live.html</link></streaminginfo>

        <streaminginfo>
        <cname>Panorama film</cname>
        <chnumber>ch836</chnumber>
    <link>http://www.livetv.tn/Panorama-Film-en-direct-live.html</link></streaminginfo>

        <streaminginfo>
        <cname>Planet Plus</cname>
        <chnumber>ch901</chnumber>
    <link>http://www.livetv.tn/Planet-Plus-HD-en-direct-live.html</link></streaminginfo>

        <streaminginfo>
        <cname>Planete Thalassa</cname>
        <chnumber>ch917</chnumber>
    <link>http://www.livetv.tn/Planet-Thalassa-HD-en-direct-live.html</link></streaminginfo>

        <streaminginfo>
        <cname>Qatar</cname>
        <chnumber>ch401</chnumber>
    <link>http://www.livetv.tn/Qatar-TV-en-direct-live.html</link></streaminginfo>

        <streaminginfo>
        <cname>Rotana cinema</cname>
        <chnumber>ch45</chnumber>
    <link>http://www.livetv.tn/Rotana-Cinema-en-direct-live.html</link></streaminginfo>

        <streaminginfo>
        <cname>Rotana Classic</cname>
        <chnumber>ch44</chnumber>
    <link>http://www.livetv.tn/Rotana-Classic-en-direct-live.html</link></streaminginfo>

        <streaminginfo>
        <cname>Rotana Clip</cname>
        <chnumber>ch135</chnumber>
    <link>http://www.livetv.tn/Rotana-Clip-en-direct-live.html</link></streaminginfo>

        <streaminginfo>
        <cname>Rotana Khaligi</cname>
        <chnumber>ch136</chnumber>
    <link>http://www.livetv.tn/Rotana-Khaligi-en-direct-live.html</link></streaminginfo>

        <streaminginfo>
        <cname>Rotana Masriya</cname>
        <chnumber>ch42</chnumber>
    <link>http://www.livetv.tn/Rotana-Masria-en-direct-live.html</link></streaminginfo>

        <streaminginfo>
        <cname>Rotana Music</cname>
        <chnumber>ch43</chnumber>
    <link>http://www.livetv.tn/Rotana-Music-en-direct-live.html</link></streaminginfo>

        <streaminginfo>
        <cname>Roya</cname>
        <chnumber>ch829</chnumber>
    <link>http://www.livetv.tn/Roya-en-direct-live.html</link></streaminginfo>

        <streaminginfo>
        <cname>Sada Al Balad2</cname>
        <chnumber>ch826</chnumber>
    <link>http://www.livetv.tn/Sada-Al-Balad-2-HD-en-direct-live.html</link></streaminginfo>

        <streaminginfo>
        <cname>Sada AlBalad Drama</cname>
        <chnumber>ch339</chnumber>
    <link>http://www.livetv.tn/Sada-Al-Balad-Drama-en-direct-live.html</link></streaminginfo>

        <streaminginfo>
        <cname>Sama Cinema</cname>
        <chnumber>ch892</chnumber>
    <link>http://www.livetv.tn/Sama-Cinema-en-direct-live.html</link></streaminginfo>

        <streaminginfo>
        <cname>Sama Dubai</cname>
        <chnumber>ch138</chnumber>
    <link>http://www.livetv.tn/Sama-Dubai-en-direct-live.html</link></streaminginfo>

        <streaminginfo>
        <cname>Samira Tv</cname>
        <chnumber>ch139</chnumber>
    <link>http://www.livetv.tn/Samira-TV-en-direct-live.html</link></streaminginfo>

        <streaminginfo>
        <cname>Saudia Sport</cname>
        <chnumber>ch342</chnumber>
    <link>http://www.livetv.tn/Saudi-Sport-1-en-direct-live.html</link></streaminginfo>

        <streaminginfo>
        <cname>Serie Club</cname>
        <chnumber>ch314</chnumber>
    <link>http://www.livetv.tn/Serie-Club-HD-en-direct-live.html</link></streaminginfo>

        <streaminginfo>
        <cname>Al Sharqiya</cname>
        <chnumber>ch87</chnumber>
    <link>http://www.livetv.tn/Shar9ia-en-direct-live.html</link></streaminginfo>

        <streaminginfo>
        <cname>Sharjah</cname>
        <chnumber>ch140</chnumber>
    <link>http://www.livetv.tn/Sharjah-en-direct-live.html</link></streaminginfo>

        <streaminginfo>
        <cname>Sharjah Sport</cname>
        <chnumber>ch877</chnumber>
    <link>http://www.livetv.tn/Sharjah-Sport-en-direct-live.html</link></streaminginfo>

        <streaminginfo>
        <cname>Sky Bundesliga 1</cname>
        <chnumber>ch871</chnumber>
    <link>http://www.livetv.tn/Sky-bundesliga-1-en-direct-live.html</link></streaminginfo>

        <streaminginfo>
        <cname>SkyNewsArabia</cname>
        <chnumber>ch875</chnumber>
    <link>http://www.livetv.tn/Sky-News-Arabia-en-direct-live.html</link></streaminginfo>

        <streaminginfo>
        <cname>Sky Sports 1</cname>
        <chnumber>ch444</chnumber>
    <link>http://www.livetv.tn/Sky-Sport-1-DE-en-direct-live.html</link></streaminginfo>

        <streaminginfo>
        <cname>Sky Sports 2</cname>
        <chnumber>ch904</chnumber>
    <link>http://www.livetv.tn/Sky-Sport-2-DE-en-direct-live.html</link></streaminginfo>

        <streaminginfo>
        <cname>Spacetoon</cname>
        <chnumber>ch49</chnumber>
    <link>http://www.livetv.tn/SpaceToon-en-direct-live.html</link></streaminginfo>

        <streaminginfo>
        <cname>Star Cinema</cname>
        <chnumber>ch141</chnumber>
    <link>http://www.livetv.tn/Star-Cinema-en-direct-live.html</link></streaminginfo>

        <streaminginfo>
        <cname>Sudan TV</cname>
        <chnumber>ch412</chnumber>
    <link>http://www.livetv.tn/Sudan-TV-en-direct-live.html</link></streaminginfo>

        <streaminginfo>
        <cname>SyFy</cname>
        <chnumber>ch900</chnumber>
    <link>http://www.livetv.tn/SyFy-HD-en-direct-live.html</link></streaminginfo>

        <streaminginfo>
        <cname>Syria</cname>
        <chnumber>ch896</chnumber>
    <link>http://www.livetv.tn/Syria-Sat-en-direct-live.html</link></streaminginfo>

        <streaminginfo>
        <cname>Syria Drama</cname>
        <chnumber>ch325</chnumber>
    <link>http://www.livetv.tn/Syrian-Drama-en-direct-live.html</link></streaminginfo>

        <streaminginfo>
        <cname>Taha</cname>
        <chnumber>ch882</chnumber>
    <link>http://www.livetv.tn/Taha-Tv-en-direct-live.html</link></streaminginfo>

        <streaminginfo>
        <cname>Tamazigh Algeria</cname>
        <chnumber>ch834</chnumber>
    <link>http://www.livetv.tn/Tamazigh-Maroc-en-direct-live.html</link></streaminginfo>

        <streaminginfo>
        <cname>Tele Liban</cname>
        <chnumber>ch925</chnumber>
    <link>http://www.livetv.tn/Tele-Liban-en-direct-live.html</link></streaminginfo>

        <streaminginfo>
        <cname>Telvza TV</cname>
        <chnumber>ch10</chnumber>
    <link>http://www.livetv.tn/Telvza-TV-en-direct-live.html</link></streaminginfo>

        <streaminginfo>
        <cname>TF1</cname>
        <chnumber>ch714</chnumber>
    <link>http://www.livetv.tn/TF1-en-direct-live.html</link></streaminginfo>

        <streaminginfo>
        <cname>TF6</cname>
        <chnumber>ch903</chnumber>
    <link>http://www.livetv.tn/TF6-HD-en-direct-live.html</link></streaminginfo>

        <streaminginfo>
        <cname>Time cinema</cname>
        <chnumber>ch822</chnumber>
    <link>http://www.livetv.tn/Time-Cinema-en-direct-live.html</link></streaminginfo>

        <streaminginfo>
        <cname>Time Comedy</cname>
        <chnumber>ch47</chnumber>
    <link>http://www.livetv.tn/Time-Comedy-en-direct-live.html</link></streaminginfo>

        <streaminginfo>
        <cname>Time Quran</cname>
        <chnumber>ch804</chnumber>
    <link>http://www.livetv.tn/Time-Quran-en-direct-live.html</link></streaminginfo>

        <streaminginfo>
        <cname>TMC</cname>
        <chnumber>ch298</chnumber>
    <link>http://www.livetv.tn/TMC-en-direct-live.html</link></streaminginfo>

        <streaminginfo>
        <cname>TNN</cname>
        <chnumber>ch103</chnumber>
    <link>http://www.livetv.tn/TNN-Tunisia-en-direct-live.html</link></streaminginfo>

        <streaminginfo>
        <cname>Toyor Al Janah</cname>
        <chnumber>ch73</chnumber>
    <link>http://www.livetv.tn/Touyour-Al-Jannah-en-direct-live.html</link></streaminginfo>

        <streaminginfo>
        <cname>TT1 Tunisie</cname>
        <chnumber>ch326</chnumber>
    <link>http://www.livetv.tn/TT1-Tunisie-en-direct-live.html</link></streaminginfo>

        <streaminginfo>
        <cname>Tunisia national 1</cname>
        <chnumber>ch1</chnumber>
    <link>http://www.livetv.tn/Tunisie-NAT-1-en-direct-live.html</link></streaminginfo>

        <streaminginfo>
        <cname>Tunisia national 2</cname>
        <chnumber>ch2</chnumber>
    <link>http://www.livetv.tn/Tunisie-NAT-2-en-direct-live.html</link></streaminginfo>

        <streaminginfo>
        <cname>Tounesna</cname>
        <chnumber>ch8</chnumber>
    <link>http://www.livetv.tn/Tunisna-TV-en-direct-live.html</link></streaminginfo>

        <streaminginfo>
        <cname>TV5 Monde Orient</cname>
        <chnumber>ch895</chnumber>
    <link>http://www.livetv.tn/TV5-Monde-Orient-en-direct-live.html</link></streaminginfo>

        <streaminginfo>
        <cname>Ushuaia</cname>
        <chnumber>ch908</chnumber>
    <link>http://www.livetv.tn/Ushuaia-TV-HD-en-direct-live.html</link></streaminginfo>

        <streaminginfo>
        <cname>Voyage</cname>
        <chnumber>ch902</chnumber>
    <link>http://www.livetv.tn/Voyage-HD-en-direct-live.html</link></streaminginfo>

        <streaminginfo>
        <cname>W9</cname>
        <chnumber>ch315</chnumber>
    <link>http://www.livetv.tn/W9-en-direct-live.html</link></streaminginfo>

        <streaminginfo>
        <cname>Wanasah</cname>
        <chnumber>ch257</chnumber>
    <link>http://www.livetv.tn/Wanasa-en-direct-live.html</link></streaminginfo>

        <streaminginfo>
        <cname>Zaitouna</cname>
        <chnumber>ch9</chnumber>
    <link>http://www.livetv.tn/Zaitouna-TV-en-direct-live.html</link></streaminginfo>

        <streaminginfo>
        <cname>Zee Aflam</cname>
        <chnumber>ch74</chnumber>
    <link>http://www.livetv.tn/Zee-Aflem-en-direct-live.html</link></streaminginfo>

        <streaminginfo>
        <cname>Zee Aflam Hindi</cname>
        <chnumber>ch929</chnumber>
    <link>http://www.livetv.tn/Zee-Aflem-Hindi-en-direct-live.html</link></streaminginfo>

        <streaminginfo>
        <cname>Zee Alwan</cname>
        <chnumber>ch48</chnumber>
    <link>http://www.livetv.tn/Zee-Alwen-en-direct-live.html</link></streaminginfo>
    
    <streaminginfo>
        <cname>MBCMasrPlus2</cname>
        <chnumber>ch802</chnumber>
    <link>http://www.livetv.tn/MBC-Masr-2-en-direct-live.html</link></streaminginfo>

</streaminginfos>
